season,total_community_saving_zip_vs_static_pct,total_community_saving_aa_vs_static_pct,total_community_saving_aa_vs_zip_pct,total_p2p_matched_volume_zip_vs_static_pct,total_p2p_matched_volume_aa_vs_static_pct,total_p2p_matched_volume_aa_vs_zip_pct,total_num_trades_zip_vs_static_pct,total_num_trades_aa_vs_static_pct,total_num_trades_aa_vs_zip_pct,overall_match_rate_zip_vs_static_pct,overall_match_rate_aa_vs_static_pct,overall_match_rate_aa_vs_zip_pct,total_strategy_external_net_cost_zip_vs_static_pct,total_strategy_external_net_cost_aa_vs_static_pct,total_strategy_external_net_cost_aa_vs_zip_pct
spring,2.058633784955253,2.058633784955253,0.0,2.4911392011859683,2.4911392011859683,0.0,2.948885976408912,3.800786369593709,0.8274984086569064,2.491139201185967,2.491139201185967,0.0,-0.4805420881131578,-0.4805420881131208,3.7129991483230805e-14
summer,1.5079836165341987,1.5079836165341987,0.0,1.6200645610763051,1.6200645610763051,0.0,1.2834821428571428,3.0691964285714284,1.7630853994490359,1.620064561076308,1.620064561076308,0.0,-0.03888099846990981,-0.03888099846990981,0.0
autumn,2.112425543091823,2.112425543091823,0.0,2.4856795460057795,2.4856795460057795,0.0,-0.099601593625498,4.382470119521912,4.48654037886341,2.4856795460057746,2.4856795460057746,0.0,-0.09076788510065383,-0.09076788510065383,0.0
winter,2.1513519161288777,2.1513519161288777,0.0,2.4148238270450966,2.4148238270450966,0.0,3.06044376434583,2.677888293802601,-0.3711952487008166,2.414823827045093,2.414823827045093,0.0,-0.022217898361677785,-0.022217898361677785,0.0
